Tony Pollard,2
Austin Ekeler,7
Cole Kmet,1
Albert Okwuegbunam,1
Lions ,1
Antonio Brown,68
Eagles ,4
WAS Football Team ,3
Rex Burkhead,45
Giants ,25
Michael Carter,1
Devin Singletary,1
Chiefs ,5
Seahawks ,15
Zach Pascal,11
Hunter Henry,21
Cole Beasley,20
Michael Gallup,56
Amari Cooper,35
Bears ,14
Tyreek Hill,66
Gerald Everett,3
Saints ,11
Ronald Jones II,4
Brevin Jordan,1
49ers ,15
Patriots ,2
Chase Edmonds,150
Gabriel Davis,13
Boston Scott,10
Bills ,3
Michael Pittman Jr.,18
Rhamondre Stevenson,1
Panthers ,15
Darrel Williams,3
Stefon Diggs,20
Jonathan Taylor,8
Stephen Anderson,21
Alvin Kamara,37
A.J. Brown,9
Titans ,3
Tyler Lockett,6
Byron Pringle,1
Sony Michel,3
Dalton Schultz,1
Jakobi Meyers,88
Brandon Bolden,18
Jalen Hurts,1
Rob Gronkowski,50
Cameron Brate,1
Rashaad Penny,1
Deonte Harris,3
Trey Lance,49
Damien Harris,3
Jonnu Smith,25
David Montgomery,8
Buccaneers ,2
C.J. Uzomah,16
Dawson Knox,1
Courtland Sutton,2
Jaret Patterson,1
Dak Prescott,100
Tee Higgins,5
Cooper Kupp,4
Ezekiel Elliott,5
Tyler Higbee,3
CeeDee Lamb,83
Mike Williams,14
Travis Kelce,3
Chargers ,10
Eli Mitchell,11
Colts ,11
Christian Kirk,3
Dolphins ,11
Brandin Cooks,14
Dallas Goedert,44
